{"cameraMode":{"drawMode":0,"name":"Shaded","section":"Shading Mode"},"sceneLighting":false,"audioPlay":false,"sceneViewState":{"showFog":false,"showMaterialUpdate":false,"showSkybox":false,"showFlares":false,"showImageEffects":false,"showParticleSystems":false},"in2DMode":false,"pivot":{"x":-1.2234781980514527,"y":0.9447839260101318,"z":-1.9751110076904297},"rotation":{"x":-0.05097521096467972,"y":-0.010190143249928952,"z":0.0005201231106184423,"w":-0.9986478686332703},"size":0.3629918694496155,"orthographic":false}